<?xml version = '1.0' encoding = 'UTF-8'?>
<relationalModel class="oracle.dbtools.crest.model.design.relational.RelationalDesign" name="DM_CodeChallenge" id="B5C68A50-A6DF-7523-1A16-984C4CF2DA42" mainViewID="A9A2D805-D2C9-1C46-D2B2-6320C60024F0">
<createdBy>Alisson Alves</createdBy>
<createdTime>2019-04-18 00:07:39 UTC</createdTime>
<ownerDesignName>DM_CodeChallenge</ownerDesignName>
<shouldBeOpen>false</shouldBeOpen>
<selectedRDBMSSite>980FCE9E-D688-BDF0-C89A-C9FB2DCAED45</selectedRDBMSSite>
</relationalModel>