<?xml version = '1.0' encoding = 'UTF-8'?>
<TableProxySqlServerv2k5 class="oracle.dbtools.crest.model.design.storage.sqlserver.v2k5.TableProxySqlServerv2k5" name="TD_ASSINATURA" directorySegmentName="seg_0" id="10B9F251-D00D-8735-9F03-31ED59D3DCD3">
<createdBy>Alisson Alves</createdBy>
<createdTime>2019-04-18 10:39:17 UTC</createdTime>
<ownerDesignName>DM_CodeChallenge</ownerDesignName>
<database>DB_NULLELEMENT</database>
<columnProxies>
<ColumnProxy class="oracle.dbtools.crest.model.design.storage.sqlserver.v2k12.ColumnProxySqlServerv2k12" name="SK_ASSINATURA" id="629ED5D1-7C4E-ECA9-F8BF-3B385003D109">
<createdBy>Alisson Alves</createdBy>
<createdTime>2019-04-18 10:39:49 UTC</createdTime>
<ownerDesignName>DM_CodeChallenge</ownerDesignName>
</ColumnProxy>
<ColumnProxy class="oracle.dbtools.crest.model.design.storage.sqlserver.v2k12.ColumnProxySqlServerv2k12" name="ID_ASSINATURA" id="AB3600BC-9B88-7A68-A296-96EB66B26D36">
<createdBy>Alisson Alves</createdBy>
<createdTime>2019-04-18 10:40:15 UTC</createdTime>
<ownerDesignName>DM_CodeChallenge</ownerDesignName>
</ColumnProxy>
<ColumnProxy class="oracle.dbtools.crest.model.design.storage.sqlserver.v2k12.ColumnProxySqlServerv2k12" name="DT_CANCELAMENTO" id="B7F08CCA-4406-0EA8-3719-1AE3F809707B">
<createdBy>Alisson Alves</createdBy>
<createdTime>2019-04-18 10:41:24 UTC</createdTime>
<ownerDesignName>DM_CodeChallenge</ownerDesignName>
</ColumnProxy>
<ColumnProxy class="oracle.dbtools.crest.model.design.storage.sqlserver.v2k12.ColumnProxySqlServerv2k12" name="FL_PAGAMENTO_PENDENTE" id="CA31DBED-A472-128D-E845-D955FFE7D232">
<createdBy>Alisson Alves</createdBy>
<createdTime>2019-04-18 10:42:30 UTC</createdTime>
<ownerDesignName>DM_CodeChallenge</ownerDesignName>
</ColumnProxy>
<ColumnProxy class="oracle.dbtools.crest.model.design.storage.sqlserver.v2k12.ColumnProxySqlServerv2k12" name="FL_STATUS_ASSINATURA" id="EE6EA02D-6575-FA6C-3401-401AEA0E1056">
<createdBy>Alisson Alves</createdBy>
<createdTime>2019-04-18 23:22:01 UTC</createdTime>
<ownerDesignName>DM_CodeChallenge</ownerDesignName>
</ColumnProxy>
<ColumnProxy class="oracle.dbtools.crest.model.design.storage.sqlserver.v2k12.ColumnProxySqlServerv2k12" name="DT_ASSINATURA" id="F8D416EB-AF08-C693-D1BD-A520BB425C0D">
<createdBy>Alisson Alves</createdBy>
<createdTime>2019-04-18 10:41:12 UTC</createdTime>
<ownerDesignName>DM_CodeChallenge</ownerDesignName>
</ColumnProxy>
</columnProxies>
<primaryKeys>
<PrimaryKey class="oracle.dbtools.crest.model.design.storage.sqlserver.v2k5.PKProxySqlServerv2k5" name="TD_ASSINATURA_PK" id="D1C0E8D7-1602-A96C-5989-23705251E4A3">
<createdBy>Alisson Alves</createdBy>
<createdTime>2019-04-18 10:39:49 UTC</createdTime>
<ownerDesignName>DM_CodeChallenge</ownerDesignName>
<clustered>true</clustered>
</PrimaryKey>
</primaryKeys>
</TableProxySqlServerv2k5>