<?xml version = '1.0' encoding = 'UTF-8'?>
<TableProxySqlServerv2k5 class="oracle.dbtools.crest.model.design.storage.sqlserver.v2k5.TableProxySqlServerv2k5" name="TD_REGIAO" directorySegmentName="seg_0" id="7495CE6F-DE41-40E9-8625-C90818F4D363">
<createdBy>Alisson Alves</createdBy>
<createdTime>2019-04-18 00:32:04 UTC</createdTime>
<ownerDesignName>DM_CodeChallenge</ownerDesignName>
<database>DB_NULLELEMENT</database>
<columnProxies>
<ColumnProxy class="oracle.dbtools.crest.model.design.storage.sqlserver.v2k12.ColumnProxySqlServerv2k12" name="NM_UF" id="0FA77BEB-1EE7-3406-DBCF-B6F849A537E6">
<createdBy>Alisson Alves</createdBy>
<createdTime>2019-04-18 00:36:18 UTC</createdTime>
<ownerDesignName>DM_CodeChallenge</ownerDesignName>
</ColumnProxy>
<ColumnProxy class="oracle.dbtools.crest.model.design.storage.sqlserver.v2k12.ColumnProxySqlServerv2k12" name="SK_REGIAO" id="2512560D-3029-B339-4DCB-C94522214458">
<createdBy>Alisson Alves</createdBy>
<createdTime>2019-04-18 00:34:48 UTC</createdTime>
<ownerDesignName>DM_CodeChallenge</ownerDesignName>
</ColumnProxy>
<ColumnProxy class="oracle.dbtools.crest.model.design.storage.sqlserver.v2k12.ColumnProxySqlServerv2k12" name="NM_REGIAO" id="9131B215-3022-9743-6814-850C5DB91190">
<createdBy>Alisson Alves</createdBy>
<createdTime>2019-04-18 00:36:18 UTC</createdTime>
<ownerDesignName>DM_CodeChallenge</ownerDesignName>
</ColumnProxy>
<ColumnProxy class="oracle.dbtools.crest.model.design.storage.sqlserver.v2k12.ColumnProxySqlServerv2k12" name="NM_CIDADE" id="E69B54D6-AFDF-7844-52E8-196415D17382">
<createdBy>Alisson Alves</createdBy>
<createdTime>2019-04-18 00:35:49 UTC</createdTime>
<ownerDesignName>DM_CodeChallenge</ownerDesignName>
</ColumnProxy>
<ColumnProxy class="oracle.dbtools.crest.model.design.storage.sqlserver.v2k12.ColumnProxySqlServerv2k12" name="ID_REGIAO" id="EBDF67F4-5F71-27E3-0E4E-CA24B23F94DC">
<createdBy>Alisson Alves</createdBy>
<createdTime>2019-04-18 00:35:20 UTC</createdTime>
<ownerDesignName>DM_CodeChallenge</ownerDesignName>
</ColumnProxy>
</columnProxies>
<primaryKeys>
<PrimaryKey class="oracle.dbtools.crest.model.design.storage.sqlserver.v2k5.PKProxySqlServerv2k5" name="TD_REGIAO_PK" id="AC368513-8188-0F81-A45D-3AC15BF4627B">
<createdBy>Alisson Alves</createdBy>
<createdTime>2019-04-18 00:34:48 UTC</createdTime>
<ownerDesignName>DM_CodeChallenge</ownerDesignName>
<clustered>true</clustered>
</PrimaryKey>
</primaryKeys>
</TableProxySqlServerv2k5>