<?xml version = '1.0' encoding = 'UTF-8'?>
<TableProxySqlServerv2k5 class="oracle.dbtools.crest.model.design.storage.sqlserver.v2k5.TableProxySqlServerv2k5" name="TD_PRODUTO" directorySegmentName="seg_0" id="E784F064-8FDC-52BB-30A9-021E1F7A3D29">
<createdBy>Alisson Alves</createdBy>
<createdTime>2019-04-18 00:37:58 UTC</createdTime>
<ownerDesignName>DM_CodeChallenge</ownerDesignName>
<database>DB_NULLELEMENT</database>
<columnProxies>
<ColumnProxy class="oracle.dbtools.crest.model.design.storage.sqlserver.v2k12.ColumnProxySqlServerv2k12" name="SK_PRODUTO" id="1B8765FE-DC06-56B1-C25A-F2217B245AEF">
<createdBy>Alisson Alves</createdBy>
<createdTime>2019-04-18 00:38:28 UTC</createdTime>
<ownerDesignName>DM_CodeChallenge</ownerDesignName>
</ColumnProxy>
<ColumnProxy class="oracle.dbtools.crest.model.design.storage.sqlserver.v2k12.ColumnProxySqlServerv2k12" name="NM_PRODUTO" id="3203581E-5D25-4E8E-A472-69D45057959A">
<createdBy>Alisson Alves</createdBy>
<createdTime>2019-04-18 00:39:27 UTC</createdTime>
<ownerDesignName>DM_CodeChallenge</ownerDesignName>
</ColumnProxy>
<ColumnProxy class="oracle.dbtools.crest.model.design.storage.sqlserver.v2k12.ColumnProxySqlServerv2k12" name="DS_PRODUTO" id="3EA3D4DA-CB8B-3318-0DB9-90C512CE5568">
<createdBy>Alisson Alves</createdBy>
<createdTime>2019-04-18 00:40:22 UTC</createdTime>
<ownerDesignName>DM_CodeChallenge</ownerDesignName>
</ColumnProxy>
<ColumnProxy class="oracle.dbtools.crest.model.design.storage.sqlserver.v2k12.ColumnProxySqlServerv2k12" name="FL_SITUACAO" id="5C0F9E6A-04E7-B00D-27C6-F2CDA801E74D">
<createdBy>Alisson Alves</createdBy>
<createdTime>2019-04-18 00:40:22 UTC</createdTime>
<ownerDesignName>DM_CodeChallenge</ownerDesignName>
</ColumnProxy>
<ColumnProxy class="oracle.dbtools.crest.model.design.storage.sqlserver.v2k12.ColumnProxySqlServerv2k12" name="ID_PRODUTO" id="7A941768-5FE2-F53F-B010-065FC312EAA0">
<createdBy>Alisson Alves</createdBy>
<createdTime>2019-04-18 00:39:04 UTC</createdTime>
<ownerDesignName>DM_CodeChallenge</ownerDesignName>
</ColumnProxy>
<ColumnProxy class="oracle.dbtools.crest.model.design.storage.sqlserver.v2k12.ColumnProxySqlServerv2k12" name="DT_ATIVACAO" id="7EB0A30A-8BD4-4DC9-606C-D1551C3438C4">
<createdBy>Alisson Alves</createdBy>
<createdTime>2019-04-18 23:23:59 UTC</createdTime>
<ownerDesignName>DM_CodeChallenge</ownerDesignName>
</ColumnProxy>
</columnProxies>
<primaryKeys>
<PrimaryKey class="oracle.dbtools.crest.model.design.storage.sqlserver.v2k5.PKProxySqlServerv2k5" name="TD_PRODUTO_PK" id="98EEA303-A184-3683-D582-6FE66946C86F">
<createdBy>Alisson Alves</createdBy>
<createdTime>2019-04-18 00:38:28 UTC</createdTime>
<ownerDesignName>DM_CodeChallenge</ownerDesignName>
<clustered>true</clustered>
</PrimaryKey>
</primaryKeys>
</TableProxySqlServerv2k5>