<?xml version = '1.0' encoding = 'UTF-8'?>
<Table class="oracle.dbtools.crest.model.design.relational.Table" directorySegmentName="seg_0" id="0A3D7781-23AA-C511-EAAC-EF5DB159DBEF" name="TF_ASSINATURA">
<createdBy>Alisson Alves</createdBy>
<createdTime>2019-04-19 04:46:01 UTC</createdTime>
<ownerDesignName>DM_CodeChallenge</ownerDesignName>
<ordsAlias>table_6</ordsAlias>
<abbreviation>TF_ASSINATURA</abbreviation>
<allowColumnReorder>false</allowColumnReorder>
<existDependencyGenerateInDDl>true</existDependencyGenerateInDDl>
<parsed>true</parsed>
<columns itemClass="oracle.dbtools.crest.model.design.relational.Column">
<Column name="SK_DT_REFERENCIA" id="603CF8E1-8205-C92E-3268-587A4D23B8CA">
<createdBy>Alisson Alves</createdBy>
<createdTime>2019-04-24 02:58:06 UTC</createdTime>
<ownerDesignName>DM_CodeChallenge</ownerDesignName>
<useDomainConstraints>false</useDomainConstraints>
<use>1</use>
<logicalDatatype>LOGDT019</logicalDatatype>
<dataTypePrecision>19</dataTypePrecision>
<ownDataTypeParameters>,,</ownDataTypeParameters>
<previousColumn>false</previousColumn>
<autoIncrementCycle>false</autoIncrementCycle>
<associations>
<colAssociation fkAssociation="CC564103-1156-5BDB-53E6-FD4884AAAC31" referredColumn="4F3EEE3F-E1E6-B99B-8C83-E2B8104C0CC9"/>
</associations>
</Column>
<Column name="SK_ASSINATURA" id="D99B0667-2E5B-9F04-B70A-E09745BEAC9E">
<createdBy>Alisson Alves</createdBy>
<createdTime>2019-04-23 16:25:51 UTC</createdTime>
<ownerDesignName>DM_CodeChallenge</ownerDesignName>
<useDomainConstraints>false</useDomainConstraints>
<use>1</use>
<logicalDatatype>LOGDT019</logicalDatatype>
<dataTypePrecision>19</dataTypePrecision>
<ownDataTypeParameters>,,</ownDataTypeParameters>
<previousColumn>false</previousColumn>
<autoIncrementCycle>false</autoIncrementCycle>
<associations>
<colAssociation fkAssociation="C8CB4C01-61ED-EAD4-6F08-9F0895C7339E" referredColumn="6A95CD5B-1D92-44B6-226B-1E65E2537FEC"/>
</associations>
</Column>
<Column name="SK_ASSINANTE" id="CA16D24E-94F7-E254-A1F2-EFE4965B11A1">
<createdBy>Alisson Alves</createdBy>
<createdTime>2019-04-22 23:06:45 UTC</createdTime>
<ownerDesignName>DM_CodeChallenge</ownerDesignName>
<useDomainConstraints>false</useDomainConstraints>
<use>1</use>
<logicalDatatype>LOGDT019</logicalDatatype>
<dataTypePrecision>19</dataTypePrecision>
<ownDataTypeParameters>,,</ownDataTypeParameters>
<previousColumn>false</previousColumn>
<autoIncrementCycle>false</autoIncrementCycle>
<associations>
<colAssociation fkAssociation="4B70CF8B-10CC-8DEC-817B-44AEB41E17D5" referredColumn="1E30994A-5313-2B0F-185B-8561D28DDEB2"/>
</associations>
</Column>
<Column name="SK_REGIAO" id="AF2D4D42-5948-A3F3-E197-A88851892704">
<createdBy>Alisson Alves</createdBy>
<createdTime>2019-04-19 05:01:10 UTC</createdTime>
<ownerDesignName>DM_CodeChallenge</ownerDesignName>
<useDomainConstraints>false</useDomainConstraints>
<use>1</use>
<logicalDatatype>LOGDT019</logicalDatatype>
<dataTypePrecision>19</dataTypePrecision>
<ownDataTypeParameters>,,</ownDataTypeParameters>
<previousColumn>false</previousColumn>
<autoIncrementCycle>false</autoIncrementCycle>
<associations>
<colAssociation fkAssociation="A8C35C70-BD51-9A2F-13B0-2F0A7CDDB127" referredColumn="2512560D-3029-B339-4DCB-C94522214458"/>
</associations>
</Column>
<Column name="SK_PRODUTO" id="D7F3861A-F1B1-189F-63E5-6B1B67D8F501">
<createdBy>Alisson Alves</createdBy>
<createdTime>2019-04-19 05:01:05 UTC</createdTime>
<ownerDesignName>DM_CodeChallenge</ownerDesignName>
<useDomainConstraints>false</useDomainConstraints>
<use>1</use>
<logicalDatatype>LOGDT019</logicalDatatype>
<dataTypePrecision>19</dataTypePrecision>
<ownDataTypeParameters>,,</ownDataTypeParameters>
<previousColumn>false</previousColumn>
<autoIncrementCycle>false</autoIncrementCycle>
<associations>
<colAssociation fkAssociation="FE8A2871-5A69-0E68-D590-0A572101DE3A" referredColumn="1B8765FE-DC06-56B1-C25A-F2217B245AEF"/>
</associations>
</Column>
<Column name="SK_DT_ASSINATURA" id="2B50F266-B71D-0B7F-3BF3-890B7D60E683">
<createdBy>Alisson Alves</createdBy>
<createdTime>2019-04-19 04:59:43 UTC</createdTime>
<ownerDesignName>DM_CodeChallenge</ownerDesignName>
<useDomainConstraints>false</useDomainConstraints>
<use>1</use>
<logicalDatatype>LOGDT019</logicalDatatype>
<dataTypePrecision>19</dataTypePrecision>
<ownDataTypeParameters>,,</ownDataTypeParameters>
<previousColumn>false</previousColumn>
<autoIncrementCycle>false</autoIncrementCycle>
<associations>
<colAssociation fkAssociation="27BBCE8A-B5CA-D491-C797-96136C40ECA5" referredColumn="4F3EEE3F-E1E6-B99B-8C83-E2B8104C0CC9"/>
</associations>
</Column>
<Column name="SK_DT_CANCELAMENTO" id="1787DD00-AFDD-0779-B81C-2C2F7FD40296">
<createdBy>Alisson Alves</createdBy>
<createdTime>2019-04-19 04:59:55 UTC</createdTime>
<ownerDesignName>DM_CodeChallenge</ownerDesignName>
<nullsAllowed>true</nullsAllowed>
<useDomainConstraints>false</useDomainConstraints>
<use>1</use>
<logicalDatatype>LOGDT019</logicalDatatype>
<dataTypePrecision>19</dataTypePrecision>
<ownDataTypeParameters>,,</ownDataTypeParameters>
<previousColumn>false</previousColumn>
<autoIncrementCycle>false</autoIncrementCycle>
<associations>
<colAssociation fkAssociation="6C004BAB-2773-28AF-8FE7-0E761F4FD3ED" referredColumn="4F3EEE3F-E1E6-B99B-8C83-E2B8104C0CC9"/>
</associations>
</Column>
<Column name="QTD_CANCELAMENTO" id="E9CB5577-997A-A8FB-03DD-5A4307E0F3BC">
<createdBy>Alisson Alves</createdBy>
<createdTime>2019-04-24 02:29:52 UTC</createdTime>
<ownerDesignName>DM_CodeChallenge</ownerDesignName>
<nullsAllowed>true</nullsAllowed>
<useDomainConstraints>false</useDomainConstraints>
<use>1</use>
<logicalDatatype>LOGDT019</logicalDatatype>
<dataTypePrecision>19</dataTypePrecision>
<ownDataTypeParameters>,19,</ownDataTypeParameters>
<autoIncrementCycle>false</autoIncrementCycle>
</Column>
<Column name="QTD_ATIVO" id="DD7CDC04-0BA4-5EB0-6550-68050B05C62E">
<createdBy>Alisson Alves</createdBy>
<createdTime>2019-04-24 02:29:52 UTC</createdTime>
<ownerDesignName>DM_CodeChallenge</ownerDesignName>
<nullsAllowed>true</nullsAllowed>
<useDomainConstraints>false</useDomainConstraints>
<use>1</use>
<logicalDatatype>LOGDT019</logicalDatatype>
<dataTypePrecision>19</dataTypePrecision>
<ownDataTypeParameters>,19,</ownDataTypeParameters>
<autoIncrementCycle>false</autoIncrementCycle>
</Column>
<Column name="QTD_PENDENTE" id="FE8B1471-E59B-D898-21FD-3EFD4B581709">
<createdBy>Alisson Alves</createdBy>
<createdTime>2019-04-24 02:29:52 UTC</createdTime>
<ownerDesignName>DM_CodeChallenge</ownerDesignName>
<nullsAllowed>true</nullsAllowed>
<useDomainConstraints>false</useDomainConstraints>
<use>1</use>
<logicalDatatype>LOGDT019</logicalDatatype>
<dataTypePrecision>19</dataTypePrecision>
<ownDataTypeParameters>,19,</ownDataTypeParameters>
<autoIncrementCycle>false</autoIncrementCycle>
</Column>
<Column name="QTD_TARIFACAO" id="4E0B712D-8391-5EB0-B9B4-77C5719EBC22">
<createdBy>Alisson Alves</createdBy>
<createdTime>2019-04-22 22:48:41 UTC</createdTime>
<ownerDesignName>DM_CodeChallenge</ownerDesignName>
<nullsAllowed>true</nullsAllowed>
<useDomainConstraints>false</useDomainConstraints>
<use>1</use>
<logicalDatatype>LOGDT019</logicalDatatype>
<dataTypePrecision>19</dataTypePrecision>
<ownDataTypeParameters>,19,</ownDataTypeParameters>
<autoIncrementCycle>false</autoIncrementCycle>
</Column>
<Column name="QTD_DIAS_SEM_TARIFAR" id="055910A9-7E05-FCF2-EFF0-3D983B61D479">
<createdBy>Alisson Alves</createdBy>
<createdTime>2019-04-24 09:48:21 UTC</createdTime>
<ownerDesignName>DM_CodeChallenge</ownerDesignName>
<nullsAllowed>true</nullsAllowed>
<useDomainConstraints>false</useDomainConstraints>
<use>1</use>
<logicalDatatype>LOGDT019</logicalDatatype>
<dataTypePrecision>19</dataTypePrecision>
<ownDataTypeParameters>,19,</ownDataTypeParameters>
<autoIncrementCycle>false</autoIncrementCycle>
</Column>
<Column name="VL_TARIFACAO" id="E473ADD8-48F6-2A2E-80C9-CA012F86CB37">
<createdBy>Alisson Alves</createdBy>
<createdTime>2019-04-22 22:50:26 UTC</createdTime>
<ownerDesignName>DM_CodeChallenge</ownerDesignName>
<nullsAllowed>true</nullsAllowed>
<useDomainConstraints>false</useDomainConstraints>
<use>1</use>
<logicalDatatype>LOGDT019</logicalDatatype>
<dataTypePrecision>10</dataTypePrecision>
<dataTypeScale>5</dataTypeScale>
<ownDataTypeParameters>,10,5</ownDataTypeParameters>
<autoIncrementCycle>false</autoIncrementCycle>
</Column>
</columns>
<indexes itemClass="oracle.dbtools.crest.model.design.relational.Index">
<ind_PK_UK id="C4BA7283-C367-2478-E2E0-46812ECC2AB2" name="TF_ASSINATURA_TD_TEMPO_FKv1">
<createdBy>Alisson Alves</createdBy>
<createdTime>2019-04-19 04:59:43 UTC</createdTime>
<ownerDesignName>DM_CodeChallenge</ownerDesignName>
<indexState>Foreign Key</indexState>
<isSurrogateKey>false</isSurrogateKey>
<indexColumnUsage>
<colUsage columnID="2B50F266-B71D-0B7F-3BF3-890B7D60E683"/>
</indexColumnUsage>
</ind_PK_UK>
<ind_PK_UK id="3B58F438-193F-1CC8-91D8-3DE13CBF384F" name="TF_ASSINATURA_TD_TEMPO_FKv2">
<createdBy>Alisson Alves</createdBy>
<createdTime>2019-04-19 04:59:55 UTC</createdTime>
<ownerDesignName>DM_CodeChallenge</ownerDesignName>
<indexState>Foreign Key</indexState>
<isSurrogateKey>false</isSurrogateKey>
<indexColumnUsage>
<colUsage columnID="1787DD00-AFDD-0779-B81C-2C2F7FD40296"/>
</indexColumnUsage>
</ind_PK_UK>
<ind_PK_UK id="F4AF034D-F5EE-7BA6-7BAF-3038E93C519A" name="TF_ASSINATURA_TD_PRODUTO_FK">
<createdBy>Alisson Alves</createdBy>
<createdTime>2019-04-19 05:01:05 UTC</createdTime>
<ownerDesignName>DM_CodeChallenge</ownerDesignName>
<indexState>Foreign Key</indexState>
<isSurrogateKey>false</isSurrogateKey>
<indexColumnUsage>
<colUsage columnID="D7F3861A-F1B1-189F-63E5-6B1B67D8F501"/>
</indexColumnUsage>
</ind_PK_UK>
<ind_PK_UK id="0E87BCD2-0F69-F2F8-924F-70016ABA75C3" name="TF_ASSINATURA_TD_REGIAO_FK">
<createdBy>Alisson Alves</createdBy>
<createdTime>2019-04-19 05:01:10 UTC</createdTime>
<ownerDesignName>DM_CodeChallenge</ownerDesignName>
<indexState>Foreign Key</indexState>
<isSurrogateKey>false</isSurrogateKey>
<indexColumnUsage>
<colUsage columnID="AF2D4D42-5948-A3F3-E197-A88851892704"/>
</indexColumnUsage>
</ind_PK_UK>
<ind_PK_UK id="54D9AAD7-DD66-F81F-470C-E485DD109EF4" name="TF_ASSINATURA_TD_ASSINANTE_FK">
<createdBy>Alisson Alves</createdBy>
<createdTime>2019-04-22 23:06:45 UTC</createdTime>
<ownerDesignName>DM_CodeChallenge</ownerDesignName>
<indexState>Foreign Key</indexState>
<isSurrogateKey>false</isSurrogateKey>
<indexColumnUsage>
<colUsage columnID="CA16D24E-94F7-E254-A1F2-EFE4965B11A1"/>
</indexColumnUsage>
</ind_PK_UK>
<ind_PK_UK id="564BC9B3-E80F-10D8-4783-1415E954E775" name="TF_ASSINATURA_TD_ASSINATURA_FK">
<createdBy>Alisson Alves</createdBy>
<createdTime>2019-04-23 16:25:51 UTC</createdTime>
<ownerDesignName>DM_CodeChallenge</ownerDesignName>
<indexState>Foreign Key</indexState>
<isSurrogateKey>false</isSurrogateKey>
<indexColumnUsage>
<colUsage columnID="D99B0667-2E5B-9F04-B70A-E09745BEAC9E"/>
</indexColumnUsage>
</ind_PK_UK>
<ind_PK_UK id="740B9B7A-9291-A1EB-AACC-917301E3A352" name="TF_ASSINATURA_TD_TEMPO_FK">
<createdBy>Alisson Alves</createdBy>
<createdTime>2019-04-24 02:58:06 UTC</createdTime>
<ownerDesignName>DM_CodeChallenge</ownerDesignName>
<indexState>Foreign Key</indexState>
<isSurrogateKey>false</isSurrogateKey>
<indexColumnUsage>
<colUsage columnID="603CF8E1-8205-C92E-3268-587A4D23B8CA"/>
</indexColumnUsage>
</ind_PK_UK>
</indexes>
</Table>