<?xml version = '1.0' encoding = 'UTF-8'?>
<Table class="oracle.dbtools.crest.model.design.relational.Table" directorySegmentName="seg_0" id="56E3F372-4A74-E679-D112-1E92D5D90918" name="TD_TEMPO">
<createdBy>Alisson Alves</createdBy>
<createdTime>2019-04-19 03:01:20 UTC</createdTime>
<ownerDesignName>DM_CodeChallenge</ownerDesignName>
<ordsAlias>table_5</ordsAlias>
<abbreviation>TD_TEMPO</abbreviation>
<allowColumnReorder>false</allowColumnReorder>
<existDependencyGenerateInDDl>true</existDependencyGenerateInDDl>
<parsed>true</parsed>
<columns itemClass="oracle.dbtools.crest.model.design.relational.Column">
<Column name="SK_TEMPO" id="4F3EEE3F-E1E6-B99B-8C83-E2B8104C0CC9">
<createdBy>Alisson Alves</createdBy>
<createdTime>2019-04-19 03:03:08 UTC</createdTime>
<ownerDesignName>DM_CodeChallenge</ownerDesignName>
<useDomainConstraints>false</useDomainConstraints>
<use>1</use>
<logicalDatatype>LOGDT019</logicalDatatype>
<dataTypePrecision>19</dataTypePrecision>
<ownDataTypeParameters>,19,</ownDataTypeParameters>
<autoIncrementCycle>false</autoIncrementCycle>
</Column>
<Column name="DATA" id="026CBC53-526A-0158-1404-E86FA69B0CB2">
<createdBy>Alisson Alves</createdBy>
<createdTime>2019-04-19 03:03:33 UTC</createdTime>
<ownerDesignName>DM_CodeChallenge</ownerDesignName>
<useDomainConstraints>false</useDomainConstraints>
<use>1</use>
<logicalDatatype>LOGDT007</logicalDatatype>
<ownDataTypeParameters>,,</ownDataTypeParameters>
<autoIncrementCycle>false</autoIncrementCycle>
</Column>
<Column name="NR_ANO" id="20A6CCB8-982F-0B95-8F18-C8D59C716A09">
<createdBy>Alisson Alves</createdBy>
<createdTime>2019-04-19 03:03:58 UTC</createdTime>
<ownerDesignName>DM_CodeChallenge</ownerDesignName>
<useDomainConstraints>false</useDomainConstraints>
<use>1</use>
<logicalDatatype>LOGDT019</logicalDatatype>
<dataTypePrecision>4</dataTypePrecision>
<ownDataTypeParameters>,4,</ownDataTypeParameters>
<autoIncrementCycle>false</autoIncrementCycle>
</Column>
<Column name="NR_MES" id="94AD1E4B-72F4-0FF2-3F81-006D5521E7A2">
<createdBy>Alisson Alves</createdBy>
<createdTime>2019-04-19 03:04:15 UTC</createdTime>
<ownerDesignName>DM_CodeChallenge</ownerDesignName>
<useDomainConstraints>false</useDomainConstraints>
<use>1</use>
<logicalDatatype>LOGDT019</logicalDatatype>
<dataTypePrecision>2</dataTypePrecision>
<ownDataTypeParameters>,2,</ownDataTypeParameters>
<autoIncrementCycle>false</autoIncrementCycle>
</Column>
<Column name="NR_DIA" id="B579DC04-BE28-26A5-47B6-3387E41B0ED6">
<createdBy>Alisson Alves</createdBy>
<createdTime>2019-04-19 03:04:23 UTC</createdTime>
<ownerDesignName>DM_CodeChallenge</ownerDesignName>
<useDomainConstraints>false</useDomainConstraints>
<use>1</use>
<logicalDatatype>LOGDT019</logicalDatatype>
<dataTypePrecision>2</dataTypePrecision>
<ownDataTypeParameters>,2,</ownDataTypeParameters>
<autoIncrementCycle>false</autoIncrementCycle>
</Column>
<Column name="NR_DIA_SEMANA" id="57F12748-FD9F-B458-B8A3-9DB0C3A297DE">
<createdBy>Alisson Alves</createdBy>
<createdTime>2019-04-19 03:04:37 UTC</createdTime>
<ownerDesignName>DM_CodeChallenge</ownerDesignName>
<useDomainConstraints>false</useDomainConstraints>
<use>1</use>
<logicalDatatype>LOGDT019</logicalDatatype>
<dataTypePrecision>2</dataTypePrecision>
<ownDataTypeParameters>,2,</ownDataTypeParameters>
<autoIncrementCycle>false</autoIncrementCycle>
</Column>
<Column name="NM_DIA_SEMANA" id="5DC5D8E1-40A1-6795-123D-EBA6C52B0344">
<createdBy>Alisson Alves</createdBy>
<createdTime>2019-04-19 03:05:17 UTC</createdTime>
<ownerDesignName>DM_CodeChallenge</ownerDesignName>
<useDomainConstraints>false</useDomainConstraints>
<use>1</use>
<logicalDatatype>LOGDT024</logicalDatatype>
<dataTypeSize>30</dataTypeSize>
<ownDataTypeParameters>30,,</ownDataTypeParameters>
<autoIncrementCycle>false</autoIncrementCycle>
</Column>
<Column name="NM_DIA_SEMANA_ABREV" id="76F5EFB4-CC74-F3E9-C817-DAA7DAE843DC">
<createdBy>Alisson Alves</createdBy>
<createdTime>2019-04-19 03:06:13 UTC</createdTime>
<ownerDesignName>DM_CodeChallenge</ownerDesignName>
<useDomainConstraints>false</useDomainConstraints>
<use>1</use>
<logicalDatatype>LOGDT024</logicalDatatype>
<dataTypeSize>15</dataTypeSize>
<ownDataTypeParameters>15,,</ownDataTypeParameters>
<autoIncrementCycle>false</autoIncrementCycle>
</Column>
<Column name="NM_MES" id="9F84683E-D11B-C6A0-51B9-316C404B2C96">
<createdBy>Alisson Alves</createdBy>
<createdTime>2019-04-19 03:06:13 UTC</createdTime>
<ownerDesignName>DM_CodeChallenge</ownerDesignName>
<useDomainConstraints>false</useDomainConstraints>
<use>1</use>
<logicalDatatype>LOGDT024</logicalDatatype>
<dataTypeSize>30</dataTypeSize>
<ownDataTypeParameters>30,,</ownDataTypeParameters>
<autoIncrementCycle>false</autoIncrementCycle>
</Column>
<Column name="NM_MES_ABREV" id="B87FF5EA-3339-958A-91F5-23BAB6E647A6">
<createdBy>Alisson Alves</createdBy>
<createdTime>2019-04-19 03:06:13 UTC</createdTime>
<ownerDesignName>DM_CodeChallenge</ownerDesignName>
<useDomainConstraints>false</useDomainConstraints>
<use>1</use>
<logicalDatatype>LOGDT024</logicalDatatype>
<dataTypeSize>15</dataTypeSize>
<ownDataTypeParameters>15,,</ownDataTypeParameters>
<autoIncrementCycle>false</autoIncrementCycle>
</Column>
</columns>
<indexes itemClass="oracle.dbtools.crest.model.design.relational.Index">
<ind_PK_UK id="BB04F8A8-8227-E8BF-F1C3-9382F2D0468E" name="TD_TEMPO_PK">
<createdBy>Alisson Alves</createdBy>
<createdTime>2019-04-19 03:03:08 UTC</createdTime>
<ownerDesignName>DM_CodeChallenge</ownerDesignName>
<pk>true</pk>
<indexState>Primary Constraint</indexState>
<isSurrogateKey>false</isSurrogateKey>
<indexColumnUsage>
<colUsage columnID="4F3EEE3F-E1E6-B99B-8C83-E2B8104C0CC9"/>
</indexColumnUsage>
</ind_PK_UK>
</indexes>
</Table>