<?xml version = '1.0' encoding = 'UTF-8'?>
<Table class="oracle.dbtools.crest.model.design.relational.Table" directorySegmentName="seg_0" id="73F9A45D-4E07-A069-169D-EDA8D9261BEB" name="TD_ASSINANTE">
<createdBy>Alisson Alves</createdBy>
<createdTime>2019-04-22 22:56:04 UTC</createdTime>
<ownerDesignName>DM_CodeChallenge</ownerDesignName>
<ordsAlias>table_7</ordsAlias>
<abbreviation>TD_ASSINANTE</abbreviation>
<allowColumnReorder>false</allowColumnReorder>
<existDependencyGenerateInDDl>true</existDependencyGenerateInDDl>
<parsed>true</parsed>
<columns itemClass="oracle.dbtools.crest.model.design.relational.Column">
<Column name="SK_ASSINANTE" id="1E30994A-5313-2B0F-185B-8561D28DDEB2">
<createdBy>Alisson Alves</createdBy>
<createdTime>2019-04-22 22:56:33 UTC</createdTime>
<ownerDesignName>DM_CodeChallenge</ownerDesignName>
<useDomainConstraints>false</useDomainConstraints>
<use>1</use>
<logicalDatatype>LOGDT019</logicalDatatype>
<dataTypePrecision>19</dataTypePrecision>
<ownDataTypeParameters>,19,</ownDataTypeParameters>
<autoIncrementCycle>false</autoIncrementCycle>
</Column>
<Column name="NR_TELEFONE" id="CFF71A61-8FD6-56B5-C23B-4CF98158A876">
<createdBy>Alisson Alves</createdBy>
<createdTime>2019-04-22 23:05:24 UTC</createdTime>
<ownerDesignName>DM_CodeChallenge</ownerDesignName>
<useDomainConstraints>false</useDomainConstraints>
<use>1</use>
<logicalDatatype>LOGDT019</logicalDatatype>
<dataTypePrecision>12</dataTypePrecision>
<ownDataTypeParameters>,12,</ownDataTypeParameters>
<autoIncrementCycle>false</autoIncrementCycle>
</Column>
<Column name="FL_REUTILIZA_SERVICO" id="31523E44-D9A7-EE99-DAA2-15A56C9E462F">
<createdBy>Alisson Alves</createdBy>
<createdTime>2019-04-22 23:03:10 UTC</createdTime>
<ownerDesignName>DM_CodeChallenge</ownerDesignName>
<useDomainConstraints>false</useDomainConstraints>
<use>1</use>
<logicalDatatype>LOGDT024</logicalDatatype>
<dataTypeSize>30</dataTypeSize>
<ownDataTypeParameters>30,,</ownDataTypeParameters>
<autoIncrementCycle>false</autoIncrementCycle>
</Column>
</columns>
<indexes itemClass="oracle.dbtools.crest.model.design.relational.Index">
<ind_PK_UK id="9923F611-797A-C1F3-CD30-F7AF519EF102" name="TD_ASSINANTE_PK">
<createdBy>Alisson Alves</createdBy>
<createdTime>2019-04-22 22:56:33 UTC</createdTime>
<ownerDesignName>DM_CodeChallenge</ownerDesignName>
<pk>true</pk>
<indexState>Primary Constraint</indexState>
<isSurrogateKey>false</isSurrogateKey>
<indexColumnUsage>
<colUsage columnID="1E30994A-5313-2B0F-185B-8561D28DDEB2"/>
</indexColumnUsage>
</ind_PK_UK>
</indexes>
</Table>