<?xml version = '1.0' encoding = 'UTF-8'?>
<Table class="oracle.dbtools.crest.model.design.relational.Table" directorySegmentName="seg_0" id="7495CE6F-DE41-40E9-8625-C90818F4D363" name="TD_REGIAO">
<createdBy>Alisson Alves</createdBy>
<createdTime>2019-04-18 00:32:04 UTC</createdTime>
<ownerDesignName>DM_CodeChallenge</ownerDesignName>
<ordsAlias>table_2</ordsAlias>
<abbreviation>TD_REGIAO</abbreviation>
<allowColumnReorder>false</allowColumnReorder>
<existDependencyGenerateInDDl>true</existDependencyGenerateInDDl>
<parsed>true</parsed>
<columns itemClass="oracle.dbtools.crest.model.design.relational.Column">
<Column name="SK_REGIAO" id="2512560D-3029-B339-4DCB-C94522214458">
<createdBy>Alisson Alves</createdBy>
<createdTime>2019-04-18 00:34:48 UTC</createdTime>
<ownerDesignName>DM_CodeChallenge</ownerDesignName>
<useDomainConstraints>false</useDomainConstraints>
<use>1</use>
<logicalDatatype>LOGDT019</logicalDatatype>
<dataTypePrecision>19</dataTypePrecision>
<ownDataTypeParameters>,19,</ownDataTypeParameters>
<autoIncrementCycle>false</autoIncrementCycle>
</Column>
<Column name="ID_REGIAO" id="EBDF67F4-5F71-27E3-0E4E-CA24B23F94DC">
<createdBy>Alisson Alves</createdBy>
<createdTime>2019-04-18 00:35:20 UTC</createdTime>
<ownerDesignName>DM_CodeChallenge</ownerDesignName>
<useDomainConstraints>false</useDomainConstraints>
<use>1</use>
<logicalDatatype>LOGDT019</logicalDatatype>
<dataTypePrecision>19</dataTypePrecision>
<ownDataTypeParameters>,19,</ownDataTypeParameters>
<autoIncrementCycle>false</autoIncrementCycle>
</Column>
<Column name="NM_REGIAO" id="9131B215-3022-9743-6814-850C5DB91190">
<createdBy>Alisson Alves</createdBy>
<createdTime>2019-04-18 00:36:18 UTC</createdTime>
<ownerDesignName>DM_CodeChallenge</ownerDesignName>
<useDomainConstraints>false</useDomainConstraints>
<use>1</use>
<logicalDatatype>LOGDT024</logicalDatatype>
<dataTypeSize>100</dataTypeSize>
<ownDataTypeParameters>100,,</ownDataTypeParameters>
<autoIncrementCycle>false</autoIncrementCycle>
</Column>
<Column name="NM_UF" id="0FA77BEB-1EE7-3406-DBCF-B6F849A537E6">
<createdBy>Alisson Alves</createdBy>
<createdTime>2019-04-18 00:36:18 UTC</createdTime>
<ownerDesignName>DM_CodeChallenge</ownerDesignName>
<useDomainConstraints>false</useDomainConstraints>
<use>1</use>
<logicalDatatype>LOGDT024</logicalDatatype>
<dataTypeSize>2</dataTypeSize>
<ownDataTypeParameters>2,,</ownDataTypeParameters>
<autoIncrementCycle>false</autoIncrementCycle>
</Column>
<Column name="NM_CIDADE" id="E69B54D6-AFDF-7844-52E8-196415D17382">
<createdBy>Alisson Alves</createdBy>
<createdTime>2019-04-18 00:35:49 UTC</createdTime>
<ownerDesignName>DM_CodeChallenge</ownerDesignName>
<useDomainConstraints>false</useDomainConstraints>
<use>1</use>
<logicalDatatype>LOGDT024</logicalDatatype>
<dataTypeSize>100</dataTypeSize>
<ownDataTypeParameters>100,,</ownDataTypeParameters>
<autoIncrementCycle>false</autoIncrementCycle>
</Column>
</columns>
<indexes itemClass="oracle.dbtools.crest.model.design.relational.Index">
<ind_PK_UK id="AC368513-8188-0F81-A45D-3AC15BF4627B" name="TD_REGIAO_PK">
<createdBy>Alisson Alves</createdBy>
<createdTime>2019-04-18 00:34:48 UTC</createdTime>
<ownerDesignName>DM_CodeChallenge</ownerDesignName>
<pk>true</pk>
<indexState>Primary Constraint</indexState>
<isSurrogateKey>false</isSurrogateKey>
<indexColumnUsage>
<colUsage columnID="2512560D-3029-B339-4DCB-C94522214458"/>
</indexColumnUsage>
</ind_PK_UK>
</indexes>
</Table>