<?xml version = '1.0' encoding = 'UTF-8'?>
<Table class="oracle.dbtools.crest.model.design.relational.Table" directorySegmentName="seg_0" id="BF02409C-4099-DDD0-0E35-25F57FBCCC76" name="TD_ASSINATURA">
<createdBy>Alisson Alves</createdBy>
<createdTime>2019-04-23 13:12:06 UTC</createdTime>
<ownerDesignName>DM_CodeChallenge</ownerDesignName>
<ordsAlias>table_7</ordsAlias>
<abbreviation>TD_ASSINATURA</abbreviation>
<allowColumnReorder>false</allowColumnReorder>
<existDependencyGenerateInDDl>true</existDependencyGenerateInDDl>
<parsed>true</parsed>
<columns itemClass="oracle.dbtools.crest.model.design.relational.Column">
<Column name="SK_ASSINATURA" id="6A95CD5B-1D92-44B6-226B-1E65E2537FEC">
<createdBy>Alisson Alves</createdBy>
<createdTime>2019-04-23 13:12:33 UTC</createdTime>
<ownerDesignName>DM_CodeChallenge</ownerDesignName>
<useDomainConstraints>false</useDomainConstraints>
<use>1</use>
<logicalDatatype>LOGDT019</logicalDatatype>
<dataTypePrecision>19</dataTypePrecision>
<ownDataTypeParameters>,19,</ownDataTypeParameters>
<autoIncrementCycle>false</autoIncrementCycle>
</Column>
<Column name="ID_ASSINATURA" id="DF2537C6-BEB6-548C-0EC2-9E5D1FA54133">
<createdBy>Alisson Alves</createdBy>
<createdTime>2019-04-23 16:25:32 UTC</createdTime>
<ownerDesignName>DM_CodeChallenge</ownerDesignName>
<useDomainConstraints>false</useDomainConstraints>
<use>1</use>
<logicalDatatype>LOGDT019</logicalDatatype>
<dataTypePrecision>19</dataTypePrecision>
<ownDataTypeParameters>,19,</ownDataTypeParameters>
<previousColumn>false</previousColumn>
<autoIncrementCycle>false</autoIncrementCycle>
</Column>
<Column name="FL_PAGAMENTO_PENDENTE" id="B9D42920-A367-B7FD-C065-66946AA31F07">
<createdBy>Alisson Alves</createdBy>
<createdTime>2019-04-23 16:24:04 UTC</createdTime>
<ownerDesignName>DM_CodeChallenge</ownerDesignName>
<useDomainConstraints>false</useDomainConstraints>
<use>1</use>
<logicalDatatype>LOGDT024</logicalDatatype>
<dataTypeSize>3</dataTypeSize>
<ownDataTypeParameters>3,,</ownDataTypeParameters>
<autoIncrementCycle>false</autoIncrementCycle>
</Column>
<Column name="FL_SITUACAO" id="D5C6F6A7-E3B4-F161-9355-696AD346E65A">
<createdBy>Alisson Alves</createdBy>
<createdTime>2019-04-23 16:24:04 UTC</createdTime>
<ownerDesignName>DM_CodeChallenge</ownerDesignName>
<useDomainConstraints>false</useDomainConstraints>
<use>1</use>
<logicalDatatype>LOGDT024</logicalDatatype>
<dataTypeSize>10</dataTypeSize>
<ownDataTypeParameters>10,,</ownDataTypeParameters>
<autoIncrementCycle>false</autoIncrementCycle>
</Column>
</columns>
<indexes itemClass="oracle.dbtools.crest.model.design.relational.Index">
<ind_PK_UK id="B6B4D67B-0491-5538-8AD2-F16E9D258969" name="TD_ASSINATURA_PK">
<createdBy>Alisson Alves</createdBy>
<createdTime>2019-04-23 13:12:33 UTC</createdTime>
<ownerDesignName>DM_CodeChallenge</ownerDesignName>
<pk>true</pk>
<indexState>Primary Constraint</indexState>
<isSurrogateKey>false</isSurrogateKey>
<indexColumnUsage>
<colUsage columnID="6A95CD5B-1D92-44B6-226B-1E65E2537FEC"/>
</indexColumnUsage>
</ind_PK_UK>
</indexes>
</Table>