<?xml version = '1.0' encoding = 'UTF-8'?>
<Table class="oracle.dbtools.crest.model.design.relational.Table" directorySegmentName="seg_0" id="E784F064-8FDC-52BB-30A9-021E1F7A3D29" name="TD_PRODUTO">
<createdBy>Alisson Alves</createdBy>
<createdTime>2019-04-18 00:37:58 UTC</createdTime>
<ownerDesignName>DM_CodeChallenge</ownerDesignName>
<ordsAlias>table_3</ordsAlias>
<abbreviation>TD_PRODUTO</abbreviation>
<allowColumnReorder>false</allowColumnReorder>
<existDependencyGenerateInDDl>true</existDependencyGenerateInDDl>
<parsed>true</parsed>
<columns itemClass="oracle.dbtools.crest.model.design.relational.Column">
<Column name="SK_PRODUTO" id="1B8765FE-DC06-56B1-C25A-F2217B245AEF">
<createdBy>Alisson Alves</createdBy>
<createdTime>2019-04-18 00:38:28 UTC</createdTime>
<ownerDesignName>DM_CodeChallenge</ownerDesignName>
<useDomainConstraints>false</useDomainConstraints>
<use>1</use>
<logicalDatatype>LOGDT019</logicalDatatype>
<dataTypePrecision>19</dataTypePrecision>
<ownDataTypeParameters>,19,</ownDataTypeParameters>
<autoIncrementCycle>false</autoIncrementCycle>
</Column>
<Column name="ID_PRODUTO" id="7A941768-5FE2-F53F-B010-065FC312EAA0">
<createdBy>Alisson Alves</createdBy>
<createdTime>2019-04-18 00:39:04 UTC</createdTime>
<ownerDesignName>DM_CodeChallenge</ownerDesignName>
<useDomainConstraints>false</useDomainConstraints>
<use>1</use>
<logicalDatatype>LOGDT019</logicalDatatype>
<dataTypePrecision>19</dataTypePrecision>
<ownDataTypeParameters>,19,</ownDataTypeParameters>
<autoIncrementCycle>false</autoIncrementCycle>
</Column>
<Column name="NM_PRODUTO" id="3203581E-5D25-4E8E-A472-69D45057959A">
<createdBy>Alisson Alves</createdBy>
<createdTime>2019-04-18 00:39:27 UTC</createdTime>
<ownerDesignName>DM_CodeChallenge</ownerDesignName>
<nullsAllowed>true</nullsAllowed>
<useDomainConstraints>false</useDomainConstraints>
<use>1</use>
<logicalDatatype>LOGDT024</logicalDatatype>
<dataTypeSize>150</dataTypeSize>
<ownDataTypeParameters>150,,</ownDataTypeParameters>
<autoIncrementCycle>false</autoIncrementCycle>
</Column>
<Column name="FL_SITUACAO" id="5C0F9E6A-04E7-B00D-27C6-F2CDA801E74D">
<createdBy>Alisson Alves</createdBy>
<createdTime>2019-04-18 00:40:22 UTC</createdTime>
<ownerDesignName>DM_CodeChallenge</ownerDesignName>
<useDomainConstraints>false</useDomainConstraints>
<use>1</use>
<logicalDatatype>LOGDT024</logicalDatatype>
<dataTypeSize>10</dataTypeSize>
<ownDataTypeParameters>10,,</ownDataTypeParameters>
<autoIncrementCycle>false</autoIncrementCycle>
</Column>
</columns>
<indexes itemClass="oracle.dbtools.crest.model.design.relational.Index">
<ind_PK_UK id="98EEA303-A184-3683-D582-6FE66946C86F" name="TD_PRODUTO_PK">
<createdBy>Alisson Alves</createdBy>
<createdTime>2019-04-18 00:38:28 UTC</createdTime>
<ownerDesignName>DM_CodeChallenge</ownerDesignName>
<pk>true</pk>
<indexState>Primary Constraint</indexState>
<isSurrogateKey>false</isSurrogateKey>
<indexColumnUsage>
<colUsage columnID="1B8765FE-DC06-56B1-C25A-F2217B245AEF"/>
</indexColumnUsage>
</ind_PK_UK>
</indexes>
</Table>