<?xml version = '1.0' encoding = 'UTF-8'?>
<Diagram class="oracle.dbtools.crest.swingui.relational.DPVRelational" name="DM_CodeChallenge" id="A9A2D805-D2C9-1C46-D2B2-6320C60024F0">
<createdBy>Alisson Alves</createdBy>
<modifiedBy>Alisson Alves</modifiedBy>
<createdTime>2019-04-18 00:07:40 UTC</createdTime>
<autoRoute>true</autoRoute>
<boxInbox>true</boxInbox>
<showLegend>false</showLegend>
<showLabels>false</showLabels>
<showRelAttributes>false</showRelAttributes>
<gridEnabled>true</gridEnabled>
<showGrid>false</showGrid>
<diagramColor>-1</diagramColor>
<display>false</display>
<notation>1</notation>
<objectViews>
<OView class="oracle.dbtools.crest.swingui.relational.TVTable" oid="0A3D7781-23AA-C511-EAAC-EF5DB159DBEF" otype="Table" vid="7C957ABD-5303-D891-2959-7AAC6916DADA">
<hideElementsInCurrentOnly>false</hideElementsInCurrentOnly>
<bounds x="770" y="500" width="301" height="241"/>
<useCustomFormat>true</useCustomFormat>
<useDefaultColor>false</useDefaultColor>
<backgroundColor>-3342388</backgroundColor>
<foregroundColor>-16776961</foregroundColor>
<fonts itemClass="oracle.dbtools.crest.model.design.FontObjectWr">
<FontObject>
<foType>Título</foType>
<fontStyle>1</fontStyle>
<colorRGB>-16776961</colorRGB>
</FontObject>
<FontObject>
<foType>Coluna</foType>
<colorRGB>-16777216</colorRGB>
</FontObject>
<FontObject>
<foType>Tipo de dados</foType>
<colorRGB>-16744448</colorRGB>
</FontObject>
<FontObject>
<foType>Elemento da Chave Primária</foType>
<colorRGB>-16776961</colorRGB>
</FontObject>
<FontObject>
<foType>Elemento da Chave Estrangeira</foType>
<colorRGB>-16777216</colorRGB>
</FontObject>
<FontObject>
<foType>Elemento de Chave Exclusiva</foType>
<colorRGB>-16776961</colorRGB>
</FontObject>
<FontObject>
<foType>NOT NULL</foType>
<colorRGB>-65536</colorRGB>
</FontObject>
<FontObject>
<foType>Chave</foType>
<colorRGB>-16777216</colorRGB>
</FontObject>
<FontObject>
<foType>Comentários</foType>
<colorRGB>-12566464</colorRGB>
</FontObject>
</fonts>
</OView>
<OView class="oracle.dbtools.crest.swingui.relational.TVTable" oid="56E3F372-4A74-E679-D112-1E92D5D90918" otype="Table" vid="88E35F84-8A06-B4D8-EB04-65D7D1613245">
<hideElementsInCurrentOnly>false</hideElementsInCurrentOnly>
<bounds x="220" y="660" width="301" height="250"/>
</OView>
<OView class="oracle.dbtools.crest.swingui.relational.TVTable" oid="73F9A45D-4E07-A069-169D-EDA8D9261BEB" otype="Table" vid="58AAC0CF-9A65-12D2-F81E-5D19E121F8F4">
<hideElementsInCurrentOnly>false</hideElementsInCurrentOnly>
<bounds x="770" y="230" width="301" height="91"/>
</OView>
<OView class="oracle.dbtools.crest.swingui.relational.TVTable" oid="7495CE6F-DE41-40E9-8625-C90818F4D363" otype="Table" vid="48711B36-27D4-7C2F-B6CE-BB7C12D1DB07">
<hideElementsInCurrentOnly>false</hideElementsInCurrentOnly>
<bounds x="1190" y="560" width="303" height="124"/>
</OView>
<OView class="oracle.dbtools.crest.swingui.relational.TVTable" oid="BF02409C-4099-DDD0-0E35-25F57FBCCC76" otype="Table" vid="C6BB32D2-27CA-933A-B158-3467907EBCFD">
<hideElementsInCurrentOnly>false</hideElementsInCurrentOnly>
<bounds x="770" y="890" width="301" height="110"/>
</OView>
<OView class="oracle.dbtools.crest.swingui.relational.TVTable" oid="E784F064-8FDC-52BB-30A9-021E1F7A3D29" otype="Table" vid="B1F57AD6-D3B5-56A7-A168-BAB1BC4FE36B">
<hideElementsInCurrentOnly>false</hideElementsInCurrentOnly>
<bounds x="300" y="230" width="301" height="111"/>
</OView>
</objectViews>
<connectors>
<Connector class="oracle.dbtools.crest.swingui.relational.TVFKRelation" oid="27BBCE8A-B5CA-D491-C797-96136C40ECA5" otype="FKIndexAssociation" vid_source="88E35F84-8A06-B4D8-EB04-65D7D1613245" vid_target="7C957ABD-5303-D891-2959-7AAC6916DADA">
<hideElementsInCurrentOnly>false</hideElementsInCurrentOnly>
<backgroundColor>-16777216</backgroundColor>
<lineWidth>1</lineWidth>
<points>
<point x="521" y="775"/>
<point x="655" y="775"/>
<point x="655" y="610"/>
<point x="770" y="610"/>
</points>
</Connector>
<Connector class="oracle.dbtools.crest.swingui.relational.TVFKRelation" oid="4B70CF8B-10CC-8DEC-817B-44AEB41E17D5" otype="FKIndexAssociation" vid_source="58AAC0CF-9A65-12D2-F81E-5D19E121F8F4" vid_target="7C957ABD-5303-D891-2959-7AAC6916DADA">
<hideElementsInCurrentOnly>false</hideElementsInCurrentOnly>
<backgroundColor>-16777216</backgroundColor>
<lineWidth>1</lineWidth>
<points>
<point x="920" y="321"/>
<point x="920" y="410"/>
<point x="920" y="410"/>
<point x="920" y="500"/>
</points>
</Connector>
<Connector class="oracle.dbtools.crest.swingui.relational.TVFKRelation" oid="6C004BAB-2773-28AF-8FE7-0E761F4FD3ED" otype="FKIndexAssociation" vid_source="88E35F84-8A06-B4D8-EB04-65D7D1613245" vid_target="7C957ABD-5303-D891-2959-7AAC6916DADA">
<hideElementsInCurrentOnly>false</hideElementsInCurrentOnly>
<backgroundColor>-16777216</backgroundColor>
<lineWidth>1</lineWidth>
<points>
<point x="521" y="795"/>
<point x="635" y="795"/>
<point x="635" y="630"/>
<point x="770" y="630"/>
</points>
</Connector>
<Connector class="oracle.dbtools.crest.swingui.relational.TVFKRelation" oid="A8C35C70-BD51-9A2F-13B0-2F0A7CDDB127" otype="FKIndexAssociation" vid_source="48711B36-27D4-7C2F-B6CE-BB7C12D1DB07" vid_target="7C957ABD-5303-D891-2959-7AAC6916DADA">
<hideElementsInCurrentOnly>false</hideElementsInCurrentOnly>
<backgroundColor>-16777216</backgroundColor>
<lineWidth>1</lineWidth>
<points>
<point x="1190" y="622"/>
<point x="1131" y="622"/>
<point x="1131" y="620"/>
<point x="1071" y="620"/>
</points>
</Connector>
<Connector class="oracle.dbtools.crest.swingui.relational.TVFKRelation" oid="C8CB4C01-61ED-EAD4-6F08-9F0895C7339E" otype="FKIndexAssociation" vid_source="C6BB32D2-27CA-933A-B158-3467907EBCFD" vid_target="7C957ABD-5303-D891-2959-7AAC6916DADA">
<hideElementsInCurrentOnly>false</hideElementsInCurrentOnly>
<backgroundColor>-16777216</backgroundColor>
<lineWidth>1</lineWidth>
<points>
<point x="920" y="890"/>
<point x="920" y="750"/>
<point x="920" y="750"/>
<point x="920" y="741"/>
</points>
</Connector>
<Connector class="oracle.dbtools.crest.swingui.relational.TVFKRelation" oid="CC564103-1156-5BDB-53E6-FD4884AAAC31" otype="FKIndexAssociation" vid_source="88E35F84-8A06-B4D8-EB04-65D7D1613245" vid_target="7C957ABD-5303-D891-2959-7AAC6916DADA">
<hideElementsInCurrentOnly>false</hideElementsInCurrentOnly>
<backgroundColor>-16777216</backgroundColor>
<lineWidth>1</lineWidth>
<points>
<point x="521" y="755"/>
<point x="615" y="755"/>
<point x="615" y="650"/>
<point x="770" y="650"/>
</points>
</Connector>
<Connector class="oracle.dbtools.crest.swingui.relational.TVFKRelation" oid="FE8A2871-5A69-0E68-D590-0A572101DE3A" otype="FKIndexAssociation" vid_source="B1F57AD6-D3B5-56A7-A168-BAB1BC4FE36B" vid_target="7C957ABD-5303-D891-2959-7AAC6916DADA">
<hideElementsInCurrentOnly>false</hideElementsInCurrentOnly>
<backgroundColor>-16777216</backgroundColor>
<lineWidth>1</lineWidth>
<points>
<point x="601" y="285"/>
<point x="685" y="285"/>
<point x="685" y="590"/>
<point x="770" y="590"/>
</points>
</Connector>
</connectors>
<displays>
<Display class="oracle.dbtools.crest.swingui.relational.DPVRelational" name="Display_1" id="66A5FB30-314F-3D76-30E5-2129C8C38DE1">
<createdBy>Alisson Alves</createdBy>
<modifiedBy>Alisson Alves</modifiedBy>
<createdTime>2019-04-18 23:24:19 UTC</createdTime>
<autoRoute>false</autoRoute>
<boxInbox>true</boxInbox>
<showLegend>false</showLegend>
<showLabels>false</showLabels>
<showRelAttributes>false</showRelAttributes>
<gridEnabled>true</gridEnabled>
<showGrid>false</showGrid>
<diagramColor>-1</diagramColor>
<display>true</display>
<notation>1</notation>
<objectViews>
<OView class="oracle.dbtools.crest.swingui.relational.TVTable" oid="0A3D7781-23AA-C511-EAAC-EF5DB159DBEF" otype="Table" vid="6C07E7B8-F926-AE40-8FE4-52D7EA435A14">
<hideElementsInCurrentOnly>false</hideElementsInCurrentOnly>
<bounds x="70" y="90" width="170" height="110"/>
<useCustomFormat>true</useCustomFormat>
<useDefaultColor>false</useDefaultColor>
<backgroundColor>-3342388</backgroundColor>
<foregroundColor>-16776961</foregroundColor>
<fonts itemClass="oracle.dbtools.crest.model.design.FontObjectWr">
<FontObject>
<foType>Título</foType>
<fontStyle>1</fontStyle>
<colorRGB>-16776961</colorRGB>
</FontObject>
<FontObject>
<foType>Coluna</foType>
<colorRGB>-16777216</colorRGB>
</FontObject>
<FontObject>
<foType>Tipo de dados</foType>
<colorRGB>-16744448</colorRGB>
</FontObject>
<FontObject>
<foType>Elemento da Chave Primária</foType>
<colorRGB>-16776961</colorRGB>
</FontObject>
<FontObject>
<foType>Elemento da Chave Estrangeira</foType>
<colorRGB>-16777216</colorRGB>
</FontObject>
<FontObject>
<foType>Elemento de Chave Exclusiva</foType>
<colorRGB>-16776961</colorRGB>
</FontObject>
<FontObject>
<foType>NOT NULL</foType>
<colorRGB>-65536</colorRGB>
</FontObject>
<FontObject>
<foType>Chave</foType>
<colorRGB>-16777216</colorRGB>
</FontObject>
<FontObject>
<foType>Comentários</foType>
<colorRGB>-12566464</colorRGB>
</FontObject>
</fonts>
</OView>
<OView class="oracle.dbtools.crest.swingui.relational.TVTable" oid="56E3F372-4A74-E679-D112-1E92D5D90918" otype="Table" vid="D764F13C-4F88-FFB5-106B-A4BC890552F8">
<hideElementsInCurrentOnly>false</hideElementsInCurrentOnly>
<bounds x="50" y="50" width="170" height="110"/>
</OView>
<OView class="oracle.dbtools.crest.swingui.relational.TVTable" oid="73F9A45D-4E07-A069-169D-EDA8D9261BEB" otype="Table" vid="4CC72CD6-5E6C-A551-8FAB-C9B589DA7E6A">
<hideElementsInCurrentOnly>false</hideElementsInCurrentOnly>
<bounds x="50" y="50" width="170" height="110"/>
</OView>
<OView class="oracle.dbtools.crest.swingui.relational.TVTable" oid="7495CE6F-DE41-40E9-8625-C90818F4D363" otype="Table" vid="3A381D70-FE7C-CF52-D5A5-7C0C8A1453D3">
<hideElementsInCurrentOnly>false</hideElementsInCurrentOnly>
<bounds x="730" y="20" width="303" height="124"/>
</OView>
<OView class="oracle.dbtools.crest.swingui.relational.TVTable" oid="BF02409C-4099-DDD0-0E35-25F57FBCCC76" otype="Table" vid="311677A8-6D37-2CB5-B63F-4CDB3B22D1D0">
<hideElementsInCurrentOnly>false</hideElementsInCurrentOnly>
<bounds x="50" y="50" width="170" height="110"/>
</OView>
<OView class="oracle.dbtools.crest.swingui.relational.TVTable" oid="E784F064-8FDC-52BB-30A9-021E1F7A3D29" otype="Table" vid="93F57300-A704-056C-6CDE-FC9085B9C2F4">
<hideElementsInCurrentOnly>false</hideElementsInCurrentOnly>
<bounds x="240" y="90" width="301" height="138"/>
</OView>
</objectViews>
<connectors>
<Connector class="oracle.dbtools.crest.swingui.relational.TVFKRelation" oid="27BBCE8A-B5CA-D491-C797-96136C40ECA5" otype="FKIndexAssociation" vid_source="D764F13C-4F88-FFB5-106B-A4BC890552F8" vid_target="6C07E7B8-F926-AE40-8FE4-52D7EA435A14">
<hideElementsInCurrentOnly>false</hideElementsInCurrentOnly>
<backgroundColor>-16777216</backgroundColor>
<lineWidth>1</lineWidth>
<points>
<point x="220" y="125"/>
<point x="70" y="125"/>
</points>
</Connector>
<Connector class="oracle.dbtools.crest.swingui.relational.TVFKRelation" oid="4B70CF8B-10CC-8DEC-817B-44AEB41E17D5" otype="FKIndexAssociation" vid_source="4CC72CD6-5E6C-A551-8FAB-C9B589DA7E6A" vid_target="6C07E7B8-F926-AE40-8FE4-52D7EA435A14">
<hideElementsInCurrentOnly>false</hideElementsInCurrentOnly>
<backgroundColor>-16777216</backgroundColor>
<lineWidth>1</lineWidth>
</Connector>
<Connector class="oracle.dbtools.crest.swingui.relational.TVFKRelation" oid="6C004BAB-2773-28AF-8FE7-0E761F4FD3ED" otype="FKIndexAssociation" vid_source="D764F13C-4F88-FFB5-106B-A4BC890552F8" vid_target="6C07E7B8-F926-AE40-8FE4-52D7EA435A14">
<hideElementsInCurrentOnly>false</hideElementsInCurrentOnly>
<backgroundColor>-16777216</backgroundColor>
<lineWidth>1</lineWidth>
<points>
<point x="220" y="140"/>
<point x="70" y="140"/>
</points>
</Connector>
<Connector class="oracle.dbtools.crest.swingui.relational.TVFKRelation" oid="A8C35C70-BD51-9A2F-13B0-2F0A7CDDB127" otype="FKIndexAssociation" vid_source="3A381D70-FE7C-CF52-D5A5-7C0C8A1453D3" vid_target="6C07E7B8-F926-AE40-8FE4-52D7EA435A14">
<hideElementsInCurrentOnly>false</hideElementsInCurrentOnly>
<backgroundColor>-16777216</backgroundColor>
<lineWidth>1</lineWidth>
</Connector>
<Connector class="oracle.dbtools.crest.swingui.relational.TVFKRelation" oid="C8CB4C01-61ED-EAD4-6F08-9F0895C7339E" otype="FKIndexAssociation" vid_source="311677A8-6D37-2CB5-B63F-4CDB3B22D1D0" vid_target="6C07E7B8-F926-AE40-8FE4-52D7EA435A14">
<hideElementsInCurrentOnly>false</hideElementsInCurrentOnly>
<backgroundColor>-16777216</backgroundColor>
<lineWidth>1</lineWidth>
</Connector>
<Connector class="oracle.dbtools.crest.swingui.relational.TVFKRelation" oid="CC564103-1156-5BDB-53E6-FD4884AAAC31" otype="FKIndexAssociation" vid_source="D764F13C-4F88-FFB5-106B-A4BC890552F8" vid_target="6C07E7B8-F926-AE40-8FE4-52D7EA435A14">
<hideElementsInCurrentOnly>false</hideElementsInCurrentOnly>
<backgroundColor>-16777216</backgroundColor>
<lineWidth>1</lineWidth>
</Connector>
<Connector class="oracle.dbtools.crest.swingui.relational.TVFKRelation" oid="FE8A2871-5A69-0E68-D590-0A572101DE3A" otype="FKIndexAssociation" vid_source="93F57300-A704-056C-6CDE-FC9085B9C2F4" vid_target="6C07E7B8-F926-AE40-8FE4-52D7EA435A14">
<hideElementsInCurrentOnly>false</hideElementsInCurrentOnly>
<backgroundColor>-16777216</backgroundColor>
<lineWidth>1</lineWidth>
</Connector>
</connectors>
</Display>
</displays>
</Diagram>