<?xml version = '1.0' encoding = 'UTF-8'?>
<FKIndexAssociation class="oracle.dbtools.crest.model.design.relational.FKIndexAssociation" directorySegmentName="seg_0" id="27BBCE8A-B5CA-D491-C797-96136C40ECA5" containerWithKeyObject="0A3D7781-23AA-C511-EAAC-EF5DB159DBEF" localFKIndex="C4BA7283-C367-2478-E2E0-46812ECC2AB2" name="TF_ASSINATURA_TD_TEMPO_FKv1">
<createdBy>Alisson Alves</createdBy>
<createdTime>2019-04-19 04:59:43 UTC</createdTime>
<ownerDesignName>DM_CodeChallenge</ownerDesignName>
<referredTableLongName>TD_TEMPO</referredTableLongName>
<deleteRule>NO ACTION</deleteRule>
<referredTableID>56E3F372-4A74-E679-D112-1E92D5D90918</referredTableID>
<keyObject>BB04F8A8-8227-E8BF-F1C3-9382F2D0468E</keyObject>
<referredKeyID>BB04F8A8-8227-E8BF-F1C3-9382F2D0468E</referredKeyID>
<mandatory>true</mandatory>
<refColNames>SK_TEMPO</refColNames>
<transferable>true</transferable>
<rely>false</rely>
<columnDependencyConstraintGenerateInDDL>true</columnDependencyConstraintGenerateInDDL>
</FKIndexAssociation>