<?xml version = '1.0' encoding = 'UTF-8'?>
<FKIndexAssociation class="oracle.dbtools.crest.model.design.relational.FKIndexAssociation" directorySegmentName="seg_0" id="4B70CF8B-10CC-8DEC-817B-44AEB41E17D5" containerWithKeyObject="0A3D7781-23AA-C511-EAAC-EF5DB159DBEF" localFKIndex="54D9AAD7-DD66-F81F-470C-E485DD109EF4" name="TF_ASSINATURA_TD_ASSINANTE_FK">
<createdBy>Alisson Alves</createdBy>
<createdTime>2019-04-22 23:06:45 UTC</createdTime>
<ownerDesignName>DM_CodeChallenge</ownerDesignName>
<referredTableLongName>TD_ASSINANTE</referredTableLongName>
<deleteRule>NO ACTION</deleteRule>
<referredTableID>73F9A45D-4E07-A069-169D-EDA8D9261BEB</referredTableID>
<keyObject>9923F611-797A-C1F3-CD30-F7AF519EF102</keyObject>
<referredKeyID>9923F611-797A-C1F3-CD30-F7AF519EF102</referredKeyID>
<mandatory>true</mandatory>
<refColNames>SK_ASSINANTE</refColNames>
<transferable>true</transferable>
<rely>false</rely>
<columnDependencyConstraintGenerateInDDL>true</columnDependencyConstraintGenerateInDDL>
</FKIndexAssociation>