<?xml version = '1.0' encoding = 'UTF-8'?>
<FKIndexAssociation class="oracle.dbtools.crest.model.design.relational.FKIndexAssociation" directorySegmentName="seg_0" id="A8C35C70-BD51-9A2F-13B0-2F0A7CDDB127" containerWithKeyObject="0A3D7781-23AA-C511-EAAC-EF5DB159DBEF" localFKIndex="0E87BCD2-0F69-F2F8-924F-70016ABA75C3" name="TF_ASSINATURA_TD_REGIAO_FK">
<createdBy>Alisson Alves</createdBy>
<createdTime>2019-04-19 05:01:10 UTC</createdTime>
<ownerDesignName>DM_CodeChallenge</ownerDesignName>
<referredTableLongName>TD_REGIAO</referredTableLongName>
<deleteRule>NO ACTION</deleteRule>
<referredTableID>7495CE6F-DE41-40E9-8625-C90818F4D363</referredTableID>
<keyObject>AC368513-8188-0F81-A45D-3AC15BF4627B</keyObject>
<referredKeyID>AC368513-8188-0F81-A45D-3AC15BF4627B</referredKeyID>
<mandatory>true</mandatory>
<refColNames>SK_REGIAO</refColNames>
<transferable>true</transferable>
<rely>false</rely>
<columnDependencyConstraintGenerateInDDL>true</columnDependencyConstraintGenerateInDDL>
</FKIndexAssociation>