<?xml version = '1.0' encoding = 'UTF-8'?>
<FKIndexAssociation class="oracle.dbtools.crest.model.design.relational.FKIndexAssociation" directorySegmentName="seg_0" id="C8CB4C01-61ED-EAD4-6F08-9F0895C7339E" containerWithKeyObject="0A3D7781-23AA-C511-EAAC-EF5DB159DBEF" localFKIndex="564BC9B3-E80F-10D8-4783-1415E954E775" name="TF_ASSINATURA_TD_ASSINATURA_FK">
<createdBy>Alisson Alves</createdBy>
<createdTime>2019-04-23 16:25:51 UTC</createdTime>
<ownerDesignName>DM_CodeChallenge</ownerDesignName>
<referredTableLongName>TD_ASSINATURA</referredTableLongName>
<deleteRule>NO ACTION</deleteRule>
<referredTableID>BF02409C-4099-DDD0-0E35-25F57FBCCC76</referredTableID>
<keyObject>B6B4D67B-0491-5538-8AD2-F16E9D258969</keyObject>
<referredKeyID>B6B4D67B-0491-5538-8AD2-F16E9D258969</referredKeyID>
<mandatory>true</mandatory>
<refColNames>SK_ASSINATURA</refColNames>
<transferable>true</transferable>
<rely>false</rely>
<columnDependencyConstraintGenerateInDDL>true</columnDependencyConstraintGenerateInDDL>
</FKIndexAssociation>