<?xml version = '1.0' encoding = 'UTF-8'?>
<FKIndexAssociation class="oracle.dbtools.crest.model.design.relational.FKIndexAssociation" directorySegmentName="seg_0" id="CC564103-1156-5BDB-53E6-FD4884AAAC31" containerWithKeyObject="0A3D7781-23AA-C511-EAAC-EF5DB159DBEF" localFKIndex="740B9B7A-9291-A1EB-AACC-917301E3A352" name="TF_ASSINATURA_TD_TEMPO_FK">
<createdBy>Alisson Alves</createdBy>
<createdTime>2019-04-24 02:58:06 UTC</createdTime>
<ownerDesignName>DM_CodeChallenge</ownerDesignName>
<referredTableLongName>TD_TEMPO</referredTableLongName>
<deleteRule>NO ACTION</deleteRule>
<referredTableID>56E3F372-4A74-E679-D112-1E92D5D90918</referredTableID>
<keyObject>BB04F8A8-8227-E8BF-F1C3-9382F2D0468E</keyObject>
<referredKeyID>BB04F8A8-8227-E8BF-F1C3-9382F2D0468E</referredKeyID>
<mandatory>true</mandatory>
<refColNames>SK_TEMPO</refColNames>
<transferable>true</transferable>
<rely>false</rely>
<columnDependencyConstraintGenerateInDDL>true</columnDependencyConstraintGenerateInDDL>
</FKIndexAssociation>