<?xml version = '1.0' encoding = 'UTF-8'?>
<FKIndexAssociation class="oracle.dbtools.crest.model.design.relational.FKIndexAssociation" directorySegmentName="seg_0" id="FE8A2871-5A69-0E68-D590-0A572101DE3A" containerWithKeyObject="0A3D7781-23AA-C511-EAAC-EF5DB159DBEF" localFKIndex="F4AF034D-F5EE-7BA6-7BAF-3038E93C519A" name="TF_ASSINATURA_TD_PRODUTO_FK">
<createdBy>Alisson Alves</createdBy>
<createdTime>2019-04-19 05:01:05 UTC</createdTime>
<ownerDesignName>DM_CodeChallenge</ownerDesignName>
<referredTableLongName>TD_PRODUTO</referredTableLongName>
<deleteRule>NO ACTION</deleteRule>
<referredTableID>E784F064-8FDC-52BB-30A9-021E1F7A3D29</referredTableID>
<keyObject>98EEA303-A184-3683-D582-6FE66946C86F</keyObject>
<referredKeyID>98EEA303-A184-3683-D582-6FE66946C86F</referredKeyID>
<mandatory>true</mandatory>
<refColNames>SK_PRODUTO</refColNames>
<transferable>true</transferable>
<rely>false</rely>
<columnDependencyConstraintGenerateInDDL>true</columnDependencyConstraintGenerateInDDL>
</FKIndexAssociation>