<?xml version = '1.0' encoding = 'UTF-8'?>
<StorageDesignSqlServerv2k12 class="oracle.dbtools.crest.model.design.storage.sqlserver.v2k12.StorageDesignSqlServerv2k12" name="SQL Server 2012" id="372BDA25-E1FD-570D-5BF0-BD45B94F2E11" siteID="980FCE9E-D688-BDF0-C89A-C9FB2DCAED45" siteName="SQL Server 2012" siteType="13">
<createdBy>Alisson Alves</createdBy>
<createdTime>2019-04-18 00:20:51 UTC</createdTime>
<ownerDesignName>DM_CodeChallenge</ownerDesignName>
<dtdialogVisible>false</dtdialogVisible>
<imported>false</imported>
</StorageDesignSqlServerv2k12>