<?xml version = '1.0' encoding = 'UTF-8'?>
<RoleSqlServerv2k12 class="oracle.dbtools.crest.model.design.storage.sqlserver.v2k12.RoleSqlServerv2k12" directorySegmentName="seg_0" id="DB_NULLELEMENT_PUBLIC" name="PUBLIC">
<createdBy>Alisson Alves</createdBy>
<createdTime>2019-04-18 00:20:51 UTC</createdTime>
<ownerDesignName>DM_CodeChallenge</ownerDesignName>
<nullInstance>true</nullInstance>
<storableNullInstance>true</storableNullInstance>
<database>DB_NULLELEMENT</database>
</RoleSqlServerv2k12>